{
    "dormitory": {
        "database": "dormitory",
        "username": "admin",
        "password": "beansil131!",
        "host": "gain.cw3te7vh3s7o.us-east-2.rds.amazonaws.com",
        "port": 3306,
        "dialect": "mariadb",
        "logging": false,
        "define": {
            "timestamps": false
        },
        "charset": "utf8",
        "timezone": "+09:00",
        "dialectOptions": {
            "useUTC": false,
            "dateStrings": true,
            "typeCast": true,
            "timezone": "Etc/GMT+9"
        }
    }
}